image_id,transcriptions,predicted_class
335,Me causally ignoring when someone complaining about me _vishal_sammy_ EVEL MEWES = = VERA LEVEL,0
1719,பணத்தின் தத்துவம் வாழ்வதற்குச் செலவு மிகக்குறைவு தான் ஆனால். மூமு லிகpக@ஸ அடுத்தவர்களைப் போல் வாழத்தான் செலவு மிக அதிகம்  ! Cor,1
624,"Me taking photos of everyone Them Vaa vandhu neeyum pose kudu edukurom Me Ennaku photo ku pose la kuduka theiryadhu athanala than ellariyum edukuren theivamey ""0uB 2619 o mt mt vishal sammy _",0
317,Smith Annan pitch la paduthuten cup vangitu vandhu sandhipom mt IndBowlers mt vishal_sammy _,0
1576,Mano PhotoGrid IRAL Bsru பாத்துக்கிட்டே ருக்கல போல்,1
1064,எனக்கொரு சினேகிதி சினேகிதி. தென்றல் மாதிரி யா..? ல்ல.மெண்டல் மாதிரி. rr,1
12,"When someone suddenly texts Hai Enna panra Epdi irukka Saptiya டேய் 10 கேள்வி கேட்காம மூடிட்டு வந்த வேலைய மட்டும் பாரு டா 4^ LFVEL LE""F! NEMF5 = 8",1
1258,வௌக்குமாறு நசிரும் தேவிடியர் ூ&,1
1374,போட்டதுக்கு இப்படி அவர் முன்னாடியே அவுத்துட்டு நிக்குற அதுவும் கடப்பாறை மாதிரி நிக்குது KUBFBRM அவருக்கு இதுல பாதி கூட இல்ல சரி இனி பத்தினி வேஷம் இல்ல வா அவர் முன்னாடி என்னை காக்கி வச்சி செய் இப்ப நான் உனக்கு,1
1713,mom dad enga porendu sollitu Waaya kelapama poda sister lover thindutu poda naasama best friend AuSUIat Pullinuo enayayum kootitu poda mairu poda poda,1
464,Muthu Kutti 3m continuously eating junk foods* My stomach: #muthumc நண்பர் இந்த 4ம்kகிட்டபேசி புரியவைக்கமுடியாது *me,0
492,We want Dhoni chanting all over the stadium Ground motham unga aalu than aana audience ellam oruthara than paaka varuvanga Aata nayagan TIEPU KI Bnwmie vishal_ sammy_ Gu -uooடa,0
1715,MB EXx L ]T memes 1 .50`@0,0
379,Me seeing myself and thinking what am i doing in my life & LFVEL vishal sammy _ LEVEL MEWE3 =,0
1149,OUI MO $ மருமகள் மாமியார் த னக்கு டீ போட தெரியுமா $ 0 டீ போட தெரியுமாவா  குக்கர்ல பால ஊத்தி மூணு விசில் விட்டு அப்டியே பொங்கவிடுவோம்,1
863,are famous thief during our childhood UrUpUdAIHA MeMeS Moylcomein I my friend with pencil scaleperaser snacks thiruttu They,0
266,Muthu Kutti Just now When you start to concentrate on your work Ur phone #muthumc Enna palakkam naa idhu,0
364,Yaadhum Oore Yaavarum Kelir Trailer * mய Namma Ak62 Oda Director Irukaru Apo Padam Tharamadhan Irukum,0
1630,5 mins before exam girls boys dei orev oru pen iruntha kudra,0
1706,fbcrushmemes இந்த உலகத்துல விட பெரிய சக்தி எதுவுமே இல்லை WC உலக மகளிர் தின நல்வாழ்த்துகள் தாய்,1
1563,Amma கல்யாணம் பண்ணிட்டு உன் புருஷன் வீட்டுல போய் எப்டி வேனா இரு யாரு கேக்க போறா . After marriage Maamiyar உன் இஷ்டத்துக்கு இருக்க இது ஒன்னும் உங்க அப்பன் வீடு இல்ல.,1
1728,மனைவியை நேசித்தால் 50% இதய நோய் தவிர்க்கலாம் அப்படினா ரெண்டு பொண்டாட்டி கட்டிக்கலாமா தய நோயே வராது,0
732,ஊரட முதல்வர் ன்று ஆலோசனை தமிழகத்தில் ஊரடங்கு நீட்டிப்பு தொடர்பாக முதலமைச்சர் முகஸ்டாலின் தலைமையில் று ஆலோசனை வகை ஒமிக்ரான் வகை கொரோனா பாதிப்பு தொடர்பாகவும் ஆலோசனை மேற்கொள்ள வாய்ப்பு @ganesh=rohit45 IIRHH PISTI *People Its finished! Go / will pack and get the things in a van ங்கு இன்ட புதிய,0
1747,மாமன் பையன லவ் பன்னா வெளில மாப்ள பார்த்து வைக்கிறிங்க சரினு வெளில எவனையாச்சும் லவ் பன்னா மாமன் மகன வக்கிரிங்க என்னங்கடா உங்க பிரச்சனை கட்டி கட்டி,1
797,Vetri Mra Just now Colleague Inaila Irunthu 3 days leave,0
664,Oorukulla evana kettalum nan dhan batman nu sollranga LEVEL dharshan  _ 1 My lord LEVEL MEME$ = = VER^,0
35,AUUI @mயlப uii *When ப find ur frnd put silent bomb* Ur frnd,1
218,Muthu Kutti Just now Roomate ivalo aluku thunni iruku epdi da thovaika pora Me : 5ae song tha #muthumc,0
501,Ram MC 3Om While யatching vaathi movie Mg frnd everப 1O mins RAM GREATO ^00 Enna macha povomaa LEVE[ MEWES = = VER^ LFVFL,0
598,Me Amma nee en scooty kathurukka kudaadhu Amma aama unga appava kattikitadhukku idhu onnu dhan kedu. Arant for 15 mins) Illa vendam LEVEL MEMES = = = L[VEL,0
1282,3 types of ANNIs Anni 1 Anni 2 Anni 3 Unna ellam ayayo vena intha thiruthave da ithelam oru thadava mudiyathu avaruku paniko;da vanthu pandra aana veliya thola dhrogam da theriyama pathuko sari,1
1565,When a follows a girl Outside Girls Ethana time thitunalum pinnadiye varane Inside Ennayum oruthan follow panrane bhagavane boy,1
1752,என்ன கண்ணம்மா இந்த பக்கம் 8|6= 8055| ஈ~55 பிழி கூடம் என் புருசன் சந்தேகபட்டுட்டான் வாழ்ந்து காட்ட வந் தேன,0
1079,Itz Thuruvan 4m Thanni can podanum,1
808,பையன் ஏங்கிட்டகேக்காட எதுவும்செய்ய மாட்டான் பக்கத்து வீட்டு ஆண்டி ஏன்,1
56,IuUIIH /4ul m *Macha oru 5k GPAY panni vidu da plz* ~Bank balance =284 Me : paarthela en bank balance ah. vaikoosama enta 5k kekura #muthumc poi,0
1341,PAAH.. IVALO PERUSA IRUKU UN SXNNI... APDIYE IDHA VECHU EN PUNDXI LA SORUCU DA WIFIIEIEZL AAHH.. APADITAN NIRUTHAMA ULLA VIDU DA... EN PUNDOI UNAKU SERIYA IRUKU UFF,1
199,Muthu Kutti Just now When the manager didnt join the update call Sir sir ipdiae masa masa nu ninutu iruntha epdi sir ethavathu mudivuku vangha sir #muthumc 5 .0~0 ^^40 CENTR-ES மடi ஸித,0
435,PS2 team at Delhi todayto promote the film Padathulaiyumseri.. promotion laiyum seri PSteamah adichikave mudiyadhu!,0
433,"Dharshan Just now When someone asks ""What is your contribution in the office ~Ayya thanni can vandha ayya #dharshanmc SUW poda",0
1067,உலகத்துல பெண்களுக்கு ரொம்ப பொறுமை அதிகம்யா. ஆமா போட்ட சீரியலே எத்தன தடவை போட்டாலும் பார்க்குறாங்க.!,1
466,Mark your calendars for October 2oth,0
1396,*Anni ADULTS_SPOT En Room La Heater Work Agala Un Room Ku Kulika Vanthen Ne Kai Adikura Nu Teriyama Light On Panniten Da Un Annana Vida Perusa Iruku Da Unaku Shhh Ivlo Stronga Nikkuthu Inga Va Nane Un Sunniya Kuliki Kanjiya Kudikiren,1
938,Ivan Pesadha Ponnugale Illa Madem Kelaviya Kuda Vittu vekka Maatan,1
718,மகளுக்கு ஹிஜாப் அணிந்து அழகு பார்க்கும் இந்து சகோதரர் bI ஹoச தமிழ்நாடு தன் AN^,1
818,IN CHILHOOD~ #MOM அங்க பாரு  நிலா பாரு. நிலா பாரு BABIES,1
1400,that one gaaji teacher speech be like Enna pasangala nethu elam veetla home work paningala ??? teacher ah nenachi thana panninga?? ayyo thittuvangaley nu,1
337,fans chant his wicket for see #msd on strike to winning 0 trophy for his team & fans @ 34 yrs old bowler selected for net bowling to one of the best death bowler of season (2Awickets) From WinslLosses how you are taking into your mind what matters most these 2 rare pics created a lot of emotions on both sides #CSKvSGT #imrahmanmc India Cements ச0e 6304900 O~0~be Jochபm 8_540 PIPL 6,0
1265,புருசன் திட்டும்போது மனைவி பொண்டாட்டி திட்டும்போது புருசன்,1
1438,HFTIRIIIRRIHG[ இதான்டி மாமியார் இனிமே இங்க நீ வாழ போர DadSLIDIG6SS அப்ப இனிமே இங்கதான் சாப்டு தூங்கனுமா வீடு தான்,1
1743,சின்ன வயசுல மிஸ்ஸுக்கு பயப்படுறதும் . Ialwzsmle யாரோ பெரிய வயசுல மிஸ்ஸஸுக்கு பயப்படுறதும் ஆண்களின் சாபம்,1
1017,She நான் உன்கூட ரொம்ப சண்டை போடுறேன்லடா உன்னை கஷ்டப்படுத்துறேனோ He:-ம்மம் சரி இனிமேலாவது சண்டை போடாம் இரு She- அப்போ சண்டைக்காரியா நானு Hhtlamr,1
308,VikAsh @vikas h 2$ Area kid~ Annae en anna anni divorce pirinju poga poranga un anna ku innum marriage aagave illaye da !? Ponga nae,1
1640,ஷாப்பிங் போது மனைவிக்கு தெரிவது oneindie _ட நமக்கு தெரிவது,1
1455,mt Sunny Pidikum nu sonnean @u SuNNY ((((` Sப்LVh் Nan sonnathu intha sunny Rum ma than MIMIS,1
1584,நேத்து ராத்திரி என் மனைவியை நான் கைநீட்டி அடிச்சுட்டேன் ஐயோ அப்புறம் என்னாச்சி? falizsmle யாரோ அதுக்குள்ள என் மனைவி என்னை எட்டி உதைச்சி வேலைக்குப் போக நேரமாச்சு எழுந்திரின்னு கனவைக் கலைச்சுட்டா,1
752,Sridhar Kuruvilla Just now IIIHIR PISTI *entering the Railway Station Thambi.Air pillow vangiko pa Air pillow .=100 tha pa. Airpillow vangiko. ~Me Unreserved la poren nae.. @sridharKuruvilla =,0
1657,நாளை முதல் நகர பேருந்தில் பெண்களுக்கு இலவச பயணம் செய்தி கவ IMP memen ஆமாம் இந்த பஸ்ல free எல்லாம் பொம்பளைங்கலுக்கு மட்டும் தானா,1
1497,யாரோவாசு இருந்து முக்கியபானவராக பாறி பண்டும் யரரோவாக செல்கறார்கள் ! kavithai puyal,1
609,Someone un manasu solradha kelu  manasu solradha ketu dhaan da self respect ey illama thirumba ava kita ninnutu irukken +r poi LEVEL MEME5 = = VE;^ LEVEL,0
1437,We3 dj.block ஆள தான் இந்தளவு நான் பிரபலமாகி இருக்கேன் என் வெற்றிக்கு முழு அன்னைக்கு என்ன சொன்ன? காரணம் dj. block தான் dJ block ஆள என் திறமைக்கு மதிப்பில்லாம போச்சு என் தோல்விக்கு ன்னைக்கு என்ன சொன்ன? 6 ேock தான் காரணம் துல எது உண்மை? ரெண்டும் உண்மைதான் தான்,1
1162,அவ என்னை ஏமாத்துனத கூட மன்னிச்சிடுவேன் டா ஆனா? அவ புள்ளய விட்டு என்னை மாமாயன்னு கூப்பிட வச்சா பாரு ~ மறக்கவே முடியல dude,1
1275,MILKY BAR GHOGO BHR oLL Ror ACIRGS,1
408,Dharshan Just now Bachelor room Ia edhuku ஊதுபத்தி vechirukeenga nu enaku theriyum daeee #dharshanmc mட,0
1598,#girl- டேய் நான் உன்ன மட்டும் தான்டா லவ் பன்ற mt#meஅடேங்கப்பா,0
809,@pitchumonmemes ரொம்ப அழுகாதமா உனக்குவாழ்க்கைதர என் friends இருக்காங்க,0
1515,என்ன தான் நம்ம வீட்டுல பிரியாணி பண்ணினா லும் பக்கத்து வீட்டு சாம்பாருக்குத்தான் மசு ஏங்கும்,1
511,"Seeing my friends still posting statuses like love you papa miss you mama w` LE""Eg",0
666,Muthu Kutti Just now Work tym apo TEAMS Ia online la irukanum WhatsApp la illa #muthumc *manager *me,0
976,சூரியன் Bro நம்பு Bro நா 149 மில்லியன்கிமீ அங்குட்டு தான் இருக்கேன் நானு NLHIFS ஏய்.நடிக்காத நீஎங்க வீட்டு மாடிலதான் ருக்க . க்கு ஏய்,1
765,Vetri Mra Just now Dad : Nalla velai la settle agita next enna Panna poranu keta Cinema la Director chance Theda poranu colg starting la Sonatha inu sollitu irukan di un pulla !! IUIIR PIJTU veriwra My 9,0
694,Muthu Kutti Zm Annae restroom ponum Annae epo niruthuvingha nae Bus eduthu 1O nimisho kooda aagala en gha. ipdi thona thona nu saavu adikuringha Poi seat la pesama ukkarungha vandi niikum pothu elupi kooda vidure #muthumc,0
1073,வன 1 YOUSF NENNES ஒரு பொய்யாவது சொல் கண்ணே. அவள் உன் கூட கடைசி வர இருப்பேன்டா.,1
26,Vazhkaila chinna chinna vishaym lam neeye decide panniko periya periya vishyam la life thana decide pannum Dada emotional feel good movie worth watching vishal_sammy_ LNZ LhIrium,0
508,Yaathisai movie trailer is outnow ! நீ ரணதீரனை கண் டதுண்டா ? Have you ever seen Ranadheeran? 9 Semma periya sambavam panna poranga,0
1336,AT OFFICE WIIU PA Me: Rashioru vaatimaoru I5mins dhaan quickamudichivalam = = Rashiisirneayawokhuku sirsumatunga,1
567,mind to The nervousness when she sees me My [VE1 NLEWF5,0
1248,ஓவியம் : சேகர் சிரிவெடி என்னோடபிறந்தநாளுக்குநிறைய சாக்லேட்;கேக்;எல்லாம் வந்தன. ஆனால் என்னால்தான் எதுவும் சாப்பிட முடியவில்லை ஏன் ?' சஎல்லாம் வாட்ஸ் ஆப் மெஸேஜ்ல வந்தவை அதான் ஆர் பத்மாவதி சென்னை ஐஸ்க்ரீம்,1
1331,IPO EDHUKU ENNODA LEGINS KALATRA ULLA JETTI PODALA DA @tamit  troll . 2 MERROMBA VASADHIYA POCHU ',1
1287,ipo yen ipdi thalaila adichikitu azhuvura;ne sariya ilana kandavan en selaya uruva than seivaan item wife athula konjam kaasu kedaikuthey kudumba selavu oduthey nu santhosha pattuko,1
741,Rohini theatre after screening Leo trailer IIURR PIJII dpak 97 mt Matured fans Intha mari pandrapo dhn verupu aguthu,0
43,+11317471 WeMS பபப ஈNesamani Ivaingaluku vela pottu kudutha orginal Boss eh naan dhan adhu avaingaluke theriyadhu,1
1279,"கணவர் : ஆறுமணி நேரமா எங்கடி போனா? மனைவி . ஷாப்பிங் போனேங்க.. கணவர் : என்ன்ணென்னா எடுத்த?? 40 மனைவி : ஒரு ஜிமிக்கியும் 60 செல்பியம்""",1
1621,ஏய்.... மல்லிப்பூ வச்சு வச்சு வாடுதே f Memes_Bala_Official@மீம்ஸ் பாலாமுழம் 50 ரூபாய் விக்கிது... எடுத்து ஃபிரிட்ஜ்ல வைடி வெண்ணமவளே,1
522,Convey and Ruturaj today vishal_sammy _,0
140,Vaishu after mater with cheenu mt Mottamadhan Enta edhachum sollanuma??? dharshan _ mt Ila da nanga rendu perum group study dhan pannitu irundhom LEVEI MEME5 = = VE; ^ LEVEL,0
1330,thambiyoda thambi nalla anna na vida amsama than ambala thanama irukaan introvert akka kalaila elunthirkum pothey elunthu nikuthey iluthu pudichu panidalama,1
1285,Machinan namala vida vayasula than perusu nu paatha Small age Anni Namma purusana vida perusathan vechi irukaaru,1
102,Muthu Kutti Just now Akka naa thungha pore papa va paathuko Ithan enga akka enaku kudutha motha vella #muthumc Der,0
1345,BNNA PA IVLO PERUsA IRUKU SWAKE UH ^a: UNNA VIDA ONNUN PEeuல LAA ILLA Dl ENNA DI IPpI VALATAU VECWIeKA,1
1127,பறக்கும் தட்டு இருக்கிறதா? இல்லையா? 6:41 புருஜர் என பொண்டாட்டி கோவமாஇருக்கும் வீட்டுக்குவா . பறக்குது தட்டுன்னு பாரு  போது  எப்பூடி,1
1757,Churuun Me அழகான மனைவி அன்பான துணைவி அமைந்தாலே பேரின்பமே!! I= God குடுக்க மாட்டேனே!! நீஎன்ன பண்ணுவ??,1
1305,yenga neenga than pannama thoongiduringa unga friends lam namma veetuku daily varangaley avangalayachum pana vidalam Ia gaaji wife avanga enna ungala pakava namma veetuku varanga nu nenachitu irukinga daily,0
801,After watching Are you okaybaby movie If theres a problem in your channel,0
881,Eppo Workla Dedicationah Erangitingalo..!! ENANANSOLDRATHUU MG NIAS Apovae Life Start AgaArambichuruchu !!,0
1003,Meesai_tension avuthu Doctor Amma* Tablet sari aayurum Doctor uusi potrunga INsiON Mo% pota 8 <,0
139,Lockup crime audio series out on Kukufm KUKUIF டுனனா கழட்ட மாட்டியோ? நுக்கு சார் எங்க அப்பாவ அடிக்கிறீங் Apdiye live ahantha placeku kuptu poitanga ya!!!,0
650,Muthu Kutti Just now வாயா எந்திரிச்சு போலம் #muthumc Boys 12:41 am Varkala plan already process Ia poitu Iruku 12:41 am So dates final Choose pandradhuku Vandruke 12:42 am HUTHU HC Ipo pani,0
47,Eludhu eludhu Proposal vorum nu nambi wair ponna maten nu elurhu Bhuvigulap,1
519,Stokes neenga ennaga ipd adringa P vishal_sammy_,0
1200,Others Alorm 11 12 1 0_5 My Alorm எந்திரிக்கிறியா இல்ல வெலக்கமாற எடுக்கட்டும்மா,0
867,*Me 9 03+310! Ungalkahatharomba wait pane nalla vela vanthuteenga *Bigboss IPL G Ada chaiuna illa +,1
787,Bold and Beautiful Peopleare born in OCTOBER IUNHR FIJI SK ~G 0 octborn Bold & beautifulahh nanu,0
1328,Anna Enna di history la ivlo site login aagi iruku ? enaku kuda ivlo website theriyathey di sister chinna ponnu na cell phone Ia serial paapa nu nenachiyaa,0
525,During fasting Frnds shares reels continuesly about food & other haraam videos MN Me AFRIN பார்க்கிறார் 0 க்காளி உனக்குஒருநாள்இருக்குப ாஎன்று ] G !F45:,0
996,wife wife sister mamiyar father and brothers me 85#^& அப்பனே விநாயகா இந்த மாதிரி குடும்பத்துலதான் என் பிரண்டு வாக்கப்படனும்,1
54,Accepting the fate and saying Its ok Ia iruka vali irukeh vishal_sammy_ ^ 1~~7~1: +,0
557,TEMPLATE GRAW dharshan _ Novv seriyana vibe material na idhu LEVEL WEME$  = = VER^ L[VEL,0
251,Vicky Infosys Forwarded Blr Coorg variya 8;24 4M Boys? 8:24 411 Anand Infosys Polam 9:31 411 Aug12-15 plan panalam 9:324M Santhosh Infosys Anand Infosys Aug72-15 plan panalam Antha leave Ia na iruka matan da 9:48 41 Anand Infosys Adeii 10:07 4M Santhosh Infosys Enaku leave ila da 10:09 4| Antha leave na mrng shift vara sat sun support pananum 10:09 41 MUTHUMC Indha maari pesumbodhu dhaan gaandaavudhu,0
237,Dharshan Just now Frnd : Macha enaku saraku venam da nan venum na wine shop vandhu ungaluku company kudukuren At wine shop Oru beer mattum enaku sollu da podhum #dharshanmc,0
1682,Women s PariThabanGaL We emanda pathram memess HappY WomEn' s DaY. Fake Ios WomEn's /9 IGIMPM Thank youlThank Day you!,0
1617,ஐயா ராசா உனக்கு வடிச்சி கொட்ட இனிமே எனக்கு தெம்பு ல்ல ச Eoodies om நீ ல வாங்கி சாப்பிடு ராசா ஓட்டல்,1
545,Bhai veetu kalyanam biriyani ku naa adimai vishal_sammy_,0
836,ODankPahadioo7 Middle class guy N =5 65 9 10-5~ 5 10'9 Office issoes Family issues,0
1126,"#tiktok ""இந்ந மாறி பொண்ணுகள எங்க இருக்காங்க #Road ல பாக்கவே முடியரதுல"" manorama Maxwell Road la filter illaye 1h Haha Reply",1
366,Dharshan Just now When fight exists between lovers besties/girl besties : #dharshanmc Boy,0
660,MUTHUIG IUTILU *18 iy salely ard Ile SarHAU Tiom ponuy Without caught by the police* +014|7_ Irrr,0
962,Lt Vaathi!! Face la Pimples dark spots _ dark circle ellam irutha avalotha solve panna வழி i்la !! 0 Deif@Ishal_ naturalz page follow panna pothum da !7@,0
1635,Bio` Nan thimiru Pudichavan Gilrs Bio  G:@பmி memesy Nan Andha thimiru Pidichava Boys funny key,0
945,அத்தை அவர அழ வேணாம்னு சொல்லுங்கூ அத்த,1
673,Me to my friend unaku mudi kammiya kottudha d She ipo kottradhu illa d two years ah Me edhu kottradhu ilayaa evala ketaalum enaku adhigama kottudhu enaku sotta theriyudhu ndra adhepdi unaku mattum kottama irukku BAWA BIIW LEVEL MEMES+ = = VER^ LEVEL,0
1557,andha மாலைய kalatti vaikka கூட unaku time illa apdithane irukatum irukatum,1
106,Macha vaa da tour polaam Pani Puri sapda kuda job venum ndra nelamaila irukken da 4 LEVEL MEME$ = = LFVEL,0
920,Status Atrocities 10 Days To Go Minfon MoeS um World Test Battleground Championship ka INDIA (PUBG) ku Mapla. Mama...,0
691,veralevel_ memes Someone Enjoy your day That problem from nowhere Okay enjoy panidren vishal_sammy_ View insights Boost post 2,0
1280,ohhh appo night ne enga room kulla vanthathu enna ammanama paathu anubavikka married akka Un mama poola paathu oomba vanthiya inumada antha pool oombura buthi pola unaku illaya,1
841,பிட்டு எடுத்து கொண்டு எக்ஸாம் ஹாலுக்கு செல்லும் நமது ரிஜிஸ்டர் நம்பர் முதல் பெஞ்சில் எழுதி இருக்கும் போது BORHL போது,1
1704,Women $ Bulla Memes Happy women s$ youarean Angelin different Restof the Munjiyum mogarayum paaru_ During day day  angle . days .peah,0
83,Dharshan Just now Frnd * En da enga status pakka matra Me : nan status pathu palagaravan ila bro #dharshanmc @ LEVEL MEME5 = = VER^ LEVEL .00-,0
1163,~nobody My ex: after playing in 7 life @mr tamil pasamga Nama yoru vammbukum poradhu ila thumbukum poradhu ila boys,0
1201,மாமியார் உரிமைத்தொகைச1000/- வாங்கப் போகும் போது ! மருமகள் பணத்தை மொத்தமா மருமகளிடம் கொடுத்த உடன். மருமகள் நீங்க எனக்கு இன்னொரு அம்மா! bala,1
221,Dharshan Just now People praising fafa character in maamannann மாரி செல்வராஜ் அண்ட்டீம்~~ #dharshanmc mt Gog Py,0
176,Venue : Royapettah Taj club house Chennai on 19th ~ Guys who are looking for higher studies at aboard Ayya intha world education exhibition attend pannugaya Global Reach Entry free link in bio Aug,0
473,Mahendra Singh Dhoni released the first look poster of Harish Kalyans upcoming movie LGM. The movie has been eagerly anticipated by fans of Harish Kalyan ! -^V +uuயம் Waiting for future updates on LGM _GL,0
1043,Night after marriage Wife Ungala maari oru nalla husband kadaikirathuku yethana pasangala naa yemaathiruken teriyuma Husband:,1
918,Girls During Lockdown Masalapoor memes Morning Kadalai mavu Evening Multhani matti MASAUAPOORI MEMES Night Charcoal Face mask Tired ah enaka never,0
1226,சிரிக்கலாம் வாங்க மனைவி : எல்லாம் படிக்கும் மாறுவேட போட்டியில ம் போட்டதுக்கு எனக்கு இரண்டாம் பரிசு கொடுத்தாங்க கணவன் ம் போடாம சும்மாவே போயிருந்தா பரிசயே கொடுத்து இருப்பாங்க மனைவி 0 ஹலோ 108 2 காலேஜ் நான் போது அரக்கி வேஷ அரக்கி வேஷ முதல்,0
603,9 dharshan  _ AAnnanagar elitepeoples WLW Saar uh kuppa (Wastage) kotta kooda car la dhan vaaruveengalo LEVEL MEMF$ = = VER^ LFVEL,0
1361,BestieEnadileggingslvlo TighTuhPoturuka FingeringaSenividalamnu KaivechaEnka MatikichudiAhhhSoftuh Irukudicloth KuthuvilakueShhhPoruki UnamoodEthalamnu PotuvandhaViralvecheOtaayaAkiruvapola LeggingsuhPavisikamWatchmanVaradhukula AvuthuMarathadilayeVechu RenduShotAdida,1
1219,DREIMOOIIOI BBNOII IOD PROIISSOR IROLI SEXI ACTRESS UGII SIIOR OIISSIIIL JUIIOR,1
1429,அக்கினி சிறகே CERSAL IERAIIN nC BfKkini சிறகே,1
431,muthu mc @muthu kutti Me speaking English in client My dad : Amuthumc N 194- 4:51 PM Apr 19,0
1217,Chairman CEO மாலை முரசு Senior Fresher மீமாண்டி,0
1193,கணவர் செல்லம் சப்பாத்தி சூப்பரா செஞ்சிருக்கடி ம னைவி கணவன நல்லாருக்குன்னு தானே சொல்றேன் அப்ரம் என் முறைக்கிற யாரோ ம னவி : அது தோசை Download on the GETIT UN dailghunt App Store Google Play,1
1431,Hus 49 doily தேங்காய் சட்னி தானா. தக்காளி சட்னி ல்லாம் செய்யமாட்டியா... then;wife reoction be ஈQarixel& will,1
858,ட நான்ஒரு பந்தயம்இழந்தபிறகு t ஆனால் MYJACKPOT777 இல்மெகொலக்கி ஜாக்பாட்டில்ஐபோன்வென்றது +91-7360904070,0
171,Partner movie sneak peekis out now Pakka comedy entertainer movie yairukum Polayae.. Pakka theatre material,0
1421,ENA DA PANRA Aaahhhhhh PAVADAI KOLA Apdi nakkada da THALAIYA VIDURA Mood erudhu shhh Dei enada kunjப Aaahh nalla Ah ulla vitutu Vegama kethi Ahbhh valikuthu da Kili da bundaiva,1
728,ஆசை வார்த்தை கூறி பல பெண்களை காதல் வலையில் வைத்த நபர் கைது செய்தி..! Me ~ டேய் டேய் காசு வேணும்னாலும் தரேன் அந்த ஆசை வார்த்தை என்னன்னு சொல்லிகுடுங்கடா . விழ,1
848,தீபாவளி அன்று UgaMo CAreadogs ~டேய் எல்லை மீறி போறிங்கடா,1
736,NEW5 7 வBb = NEWS எரியுமா உங்களுக்கு? பிரான்சில் உள்ள Passage du Gois சாலையை ஒரு நாளைக்கு 2 முறை மட்டுமே சில மணிநேரம் பயன்படுத்த முடியும்; பின்னர் அது 13 அடி நீருக்கடியில் மறைந்துவிடும் K8!8n8 !- Deola VelacheryTheriyuma? Nov,1
1726,சூப்பர் மார்க்கெட்டுல ஒரு பொண்ணு புருஷனைக் கேட்டு,1
1430,FFOURORUSH LOVESOMEOIEESE EYPEOIIIIOI *VE *டRUSH IINIHIISIIIOSIAILINEEIAOIUISAIIHOSAMIIRU REIIIUU 5 *GRUSH *[ NEEIASIIUURIIHNII IHORIIHITORIIHOIDOOKOAII,1
518,Thiruvin Kural trailer looks raw & intensel The story will be an emotional and be about how the family will get entangled in a problem பப Seems to be a solid action thriller Movie Releasing on April 14,0
614,Muthu Kutti Just now Ada aamanga night full ah thungama insta reels paarthutae kedapaanga. #muthumc,0
1567,She Baby pona maasam etho urgent nu IOK vanguniye epo da thara pora Me Adha dowry la minus panniko She ^ Edhey,1
46,Muthu Kutti 1m me woke up at 6 am and watching rasipalan with mom #muthumc *!)90:,0
875,When you have a non sleepy Girlfriend : ~ Sangeedha Swarangal kanakka inum irukaa Ennavo Mayakkam 11pm CI2AM *2 4M *4AM *Onlline C6AM *She *online yele,0
1710,"சாப்பிடவாங்கடா . குழந்தைகள் வரோம்மா கணவர்: நானுமா. valwsmle பார"" மனைவி எல்லாருக்கும் தனியா சொல்லனுமா அதான் எல்லாரும் வாங்கடான்னு சொன்னேன்ல",1
645,Nammala thavira namma friends ellarum v*rginity loose pannitanga mt mt 4 dharshan _ EMES Google Play pola LEVEL WEMES = = LEVEL,0
825,Rulavuni mcmes pugc neenga oru ponne illa macha epidi ra kandupidicha yaru sonna neenga angel thana Send KALAVA} MEMES *Me It mt,1
982,Exact Scenario of April 1 Fools *That Frnd Macha Sattaila Palli da. Eamanthiya April Fool . @ DatUina *ME Ella Mariduchi Intha Naaya Thavara Day,0
1252,திருவிழா கூட்டத்தில் தொலைந்த குழந்தையை கண்ட உடன் அம்மாக்களின் ரியாக்சன் Ibu memes 2k KIDS அம்மா 9o$ kids அம்மா சனியனே எங்க போய் தொலஞ்ச ?,1
576,BHAVANI SRE WITH VETRIAARAN FROM THE SETS OF VIDUTHALAI PART1,0
921,VOOKNOW MONBY EARNINO IS HOW EASY WUJU ONLINE GAMES? FRSTOOTO RAJSHRIONUINE WEBSITE THERE YOU CHOOSB YOURFAV GAMES WHERE LOTS OFOAMESAND PLAY BY DEPOSITING SOME AMOUNTAND EARN EASILY,0
689,Edhavadhu oru issue na ticket rise panalam ticketing tool hey issue na enna panrathu vishal_sammy_,0
1097,ShouBitls Anna ennaku dress edukanum entha floor poganum kadaikarAna Kidis ku lam ground floor papa HvmaD,1
192,Muthu Kutti 1d Inimae nammala yarukum msg panna venda avangala pannatum *Several days later* Enna oru msgum kaano #muthumc poi,0
1106,ஏங்க காக்கா கத்துது,1
1076,Encryption text here Dei namba breakup panikalam da Unaku Nalla Ponnu kedaipaah da 11:16 pm Nalla Ponnu kedaipaah nah apo nee enna Item ah dii 11:17 pm @Muskgram she Today,1
2,சஞ்சய் கிருஷ்ணா 1 minute ago Evan evanukku enthentha reels posts anupchaa gubber nu sirippaan nu therinju anupravanthaan da unmayana elanthaari paya ~~# LEVEL WEMES = = VERA LFVEL,0
1323,unga salary hike kaagavo illa promotion letter kaagavo unga kuda vela paaka ok solala boss wife en purushan kita ilatha onna unga kita paathen athu enaku venum athan,1
16,When she asks ipo suriya vechirukka maari beard vei da மீ எழுது நான் ஜோதிகா மாதிரி இல்ல சூரியா மாதிரி எதிர்பார்க்க மாட்டேன்னு எழுது me LEVE1 MEMES + = = LFVEL,1
707,bellalaurea Dei koil la iruken da Summa ira Kovil la poi Enda insta use pandre Poi sammy kita paava mannipu kelu vishal_sammy_ வௌங்குமடா me,1
1072,வாழ்ந்தாலும் உன் கூட செத்தாலும் உ ன் கூடதான்டா ஏதே. CIEW BF ஙக பேசிட்டு இருக்கேன்பா ...?,1
142,She naan raksha bandhan wish ey panirukalam thonudhulla ipo E1 mc  WEWE L[VE - = L[VEL,1
1505,crush hi saptacha 19:39 mmm 119:39 enakku oru crush iruntha 19:39 mm 19:39 ipdi thaan ethu kettalum mmm mmm nu reply pannuva 19-101 mmm 1941 enakku romba nurt aagiruchi 19:43 mmmm 79:47 oru naal ava veetu munnadi poyi aai irunthu vachittu vanthutten 19:40 konjam busya irunthen 19:50 athaan olunga pesa mudila .9;50 neenga epdi irukeenga 19:52 saptacha 19:52 sry,1
1602,இணையத்துல #பொண்ணு பாக்குறது தப்பில்ல..9 அதுக்கு முன்னாடி அது #பொண்ணானு பாருங்க.. 06,0
1683,அழகிலும் சரி ஆற்றலிலும் சரி பெண்களுக்கு நிகர் பெண்களே SENJUTA.POCHU OFFICIAL னிய மகளிர் தின வாழ்த்துக்கள்,1
1290,Enna than avalunga mothama moodi cover panalum Namma mind ava mola paathu mood aagi mothama mudika than thonuthu,1
278,Dharshan Just now Me unproductive in my life without learning any skills Inner me : Dei vennam da thappu panran #dharshanmc being,0
606,Anne neenga epdi theriya thanama pre earth poningalo athey Mari ennayu en childhood days la erakki vitrunga nea |65 The Movie *Me,0
164,Dharshan Just now Me unproductive in my life without learning any skills Inner me : Dei vennam da thappu panran #dharshanmc being,0
1581,மனைவி: நான் ஒரு ரெண்டு மணி நேரம் வெளியே போறேன். உங்களுக்கு ஏதாவது வேணுமா? f/alwzsmle -யாரோ கணவன்: வேண்டாம். எனக்கு இதுவே போதும்...,1
745,Vetri Mra Just now Manager : work Done Report send panuga brother Me But Sir inaki Sunday !! Manager : Oru nalla Employee ku Sunday la kidayathu Me : IIUIIN PISIU vevIwra டேய்தங்கதுரை,0
682,When my best friend started acting cute in front of boys /6 Me She LEVFL WEME$ = = LEVEL,0
1368,When MamaBrings HisGangoffiends IopchelamlaEnb fiPottachLAAnikuEnakuEpdi VailayeKanfiuhEduthaygAghemarilvanungaluku senfiuidudisonalambamatranunga SaraPottachiAyoVafyaThorandhabaful PolubVidumanungaPPolayeUsheravaia ThorakamaMunfilayevangianum op,1
1388,When Chambicouches akka pussy AAKka AKkaePoesitutukumbothukeela yenda Kai vaikrasshhaaaroomKulla vaa Kalatitu Katren thechi vidu,1
498,Sanjay Krishna Just now Uploads a story Friend Dei send this video da Muttaal athu reel da ENTRAL LE VEL WEMES = = VER^ LEVEL,0
499,Sylesh $ Just now Me to me: Eludhu naaye . Ini yartaiyu pooi pesa maten Expectation vechuka maten nu eludhu.. r LEVE[ MEMES = = VE*^ LEVEL,0
158,vishal_sammy_ Meet your lawyer INE Dongleeodafightscenekunaa adimai,0
1536,"என்ன சொல்கிறோம் என்பதைவிட அதை எப்படி சொல்கிறோம் என்பதே மிக முக்கியம் SSis எடுத்துக்காட்டுக்கு வாயை மூடு மனைவியிடம் சொல்வதை விட உன் இதழ்கள் மூடி இருக்கும் நீ எவ்வளவு அழகாய் இருக்கிறாய்"" என்று சொல்லிப்பாருங்கள் #you_win:- ) என்று போது",1
969,BREKING NEWS நண்பனுக்கு iphone & வாங்குவதற்காக தனது கிட்னியை & இளைஞர் KOLUTHIPODO *Me Frnd MIMIS II It Konjondu chutney vena iruku nakkitu po விற்ற *My,0
1159,இந்த ஒரு காரணத்துக்காக காதலை தியாகம் செய்தேன் அப்படின்னா அது எதுக்காக? Sandle Kumar anu 13O ollors 74 comrme LIke Commeni Sord Sandle Kumar பையன் தோளுக்கு மேல வளந்துட்டான் வீட்டு பக்கம் வராதடா அடி பின்னிடுவான் எ60 எச்சரித்ததால்,1
196,"Call panni edukalana thirumba call pannama msg panni enna da call panirundha nu ketutu ""I miss you guys nu status poda kudadhu 94 4 LEVEL MEME$ : = LEVE1",0
194,Muthu Kutti Just now Sis inaiku night enna ma dinner Mom : dhosai um palaya soorum Sis: palaya sooru yaaruku? naaika poonai ka Mom : anga moonavatha oruthan irupanae Thanda soru me coming from my room : #muthumc MUTHU MC,0
136,Muthu Kutti Just now When my favorite person didnt message me for two Aie paathia vittu pora paathia #muthumc days,0
21,Muthu Kutti Just now Dei.. inga paara annae seekaro thunga porarama da #muthumc mr *kosu anxietylate ni8 thoughts,0
1586,கடைசில working from home ஸ பொண்டாட்டி ம்சை தாங்கமுடியாத ஒரு குடும்பஸ்தன்தான் கொரோனாக்கு மருந்து கண்டுபிடிக்க போறான் எதோ,1
201,1 Boomer dei vaaila enna da 0 Adingu ennanu keta boomei ndriya enna ட +09 vaaila boomer nu sonnen sin LEVEL IEWE5 = = = LEVEL,0
1443,மனைவி எவ்வளவு அழகாக இருந்தாலும் அடுத்த பெண்ணை திரும்பி பார்க்கிறது ஆண்களின் குணம. யாமிருக்கை பயமDroi 1 லட்சத்துக்கு பட்டு புடவை எடுத்தாலும் பக்கத்தில் உள்ள. பொண்ணோட புடவை நல்லா இருக்கான்னு நீங்கள் பாக்குறது லலையா அது மாதிரி தான் இதுவும்சும்மா பாக்குறோம்,1
1143,prathap_mo goeas nt *someone prathap_mc GocPo Anney ela elam potu ready ah iruku vanthu saptu ponga,0
1712,மனllவuw ர வவ5்தி கோசவ கோவை 6வ 6 Rovemg Kuktgmo *Girl 640 Bestie venam ithula panidatha இன்று நாய் ரூ.5 Hey tag,1
704,After small fight with her *She Ama neenga yaaru dharshan mt __LL LEVEL MEME$ = = VE;^ LEVFL,0
1340,*akka adhana paothan ena da inum Ihambi ya konum nu dress maothurupa vanthuruviye,1
90,Ennama serial ithu nadaporathu theiryum solranga ithellam pakura Mom Etho english series la oru ponnu nadanthadha sollum nu patha moodhevi enna solaran paaru LEVFL vishal_sammy_ 8!`0(! LEVEL MEME$ = =,0
1533,ioasu altel martiate jol poganinacha allow uahitu home %ork aalanga kudas hale pahatln Property ah iruntha atha boys Maari BirIs kum share Dananum,1
495,She Match pakuriya da Me : Aama tho mudinchirum vandhuren She Ada enjoy pani paaru da wait panren vishal sammy,1
1646,Un marumogalhumnollairuppola> NRURUDAIHA 1:1135 Enmarumagdlhum super hairuppa,1
843,YouTube video watching Paridhabangal Own netuku nemes Oc netuku Wifi netuku 1080p 240p 480p,0
190,Someone un mandaila sotta theriyudhu sollatha LEVEL MEMES  = = VE;^ LFVEL apdi Ayo,0
1261,மாதந்தோறும் குடும்ப தலைவிக்கு 1000 செப்டம்பர் மாதம் முதல் அறிவிப்பு vignesh mc ஏங்க குடும்ப தலைவிக்கு னு குடுத்தாங்க நீங்க புடுங்கி குடிச்சிட்டு வரீங்க Ir குடும்ப தலைவன் ல்லாமா ஏப்டி குடும்ப தலைவி வந்தா ஏதிர்த்து பேசாதாடி ஏய்,0
1532,Avangalukum family Kuhelpipananum thought irukum ப Athanala avanga job poga asapattaa allow panrathu IHIIIL mEmE Iulp Arrange marriagepanunalum mapfllaf rich irunthalum ponnuku pudikata marriage panivaika kudathu,1
396,Muthu Kutti 4Om Enaku night thunguratha vida madyanam thungurathu tha pudikum #muthumc,0
1325,pasanga ellam rose kuduthu love solli lust ku approach pannuvanga nu than kelvi iruken friend akka nee ennada first meet laye flirt pani fun kulla kootitu pattu poita,1
1699,Tbcom Karthi 07 Happy women s darling Mom Inga oruthi kuthukallu Mari iruken enaku sollanumnu thoonala darling ahm la darling day,1
1260,IVP memes .uceDCow com i ptele 7=7- ஊரில்இருந்து வந்தமாமியார் காலையில இருந்து அடுபடியில நின்னு சமைச்சிருக்க.குழம்பு பேர் என்னென்னு கேட்டா ? தெரியலைன்னு சொல்ற.. மருமகள் மாமனார் எங்க சமைச்சேன் உங்க பையன்தான் குழம்பு வாங்கிட்டு வந்து நீ சமைச்சதா சொல்லுன்னு சொன்னாரு . நான்,1
1641,om இ்தாம்மா பொண்ணு இந்த பையனுக்கு ஒரு =ட ட கும oneinsia  Me வொம்ட படம் போட்ட அடடி குமும்மா இ்ாடடி கோவுச்சுக்குவான்,1
384,m` When you dont understand that one 18+ meme dharshan _ mt LEVEL MEMES~ = = VER^ LEVEL,0
721,முகக்கவசம் அணியாத மாணவர் முகம் அப்துல் மை நிர்வாணமாக்கி முகத்தில் சிறுநீர் கழித்து போலீசார் விடிய தாக்கியதாக புகார் சென்னை கொடுங்கையூரில் மெடிக்கலில் பகுதி நேரமாக பணிபுரிந்துவிட்டு சைக்கிளில் வீடு திரும்பிக் கொண்டிருந்த சட்டக்கல்லூரி மாணவர் அப்துர்ரஹீம் மாஸ்க் அணியாததற்காக அபராதம் விதித்த போலீசாருடன் வாக்குவாதம் செய்ததாக காவல் நிலையம் அழைத்து சென்று இந்திரகுமார் என்ற காவலர் பூட்ஸ் காலால் உதைந்தும் இரவு முழுவதும் கொடூரமாக தாக்கியதில் முகத்தில் தையல் போடும் அளவு காயம் ஏற்பட்டதாக புகார் Ramnad Pasanga ARina MC Police ah irunthu enna venalum pannalam nammala evan keka poranu thairiyam ivangaluku ரஹீ விடிய,1
507,SHAAKUNTALAM MOVIETRAILERIS OUTNOW ! VISUALS UHM PERFORMANCE UHM VERA LEVELLA YEDUTHU IRUKANGAPA,0
889,S[lSIIIL mட nyt achuna melody song kekura na enga items song kekura ne enga JTIIU,1
1454,*Lakshmy ஏனமா video ca11 எடுத்த உடனே காட்ட சொன்னா காட்டுவீங்களாமா ? சிங்கெப்பெண் யாமிருக்க பயப்மன் லல மேடம்;முதல் Aud1o ca11 தான் பேசினோம் பிறகு அவர் தான் சொன்னார் நான்தானே உனன கல்யாணம் பனன போறன்;இப்போ காட்டுனு சொன்னார் அதான மேடம் நான் காட்டின,0
1645,Urupudathamemes Qurupudath 21$ She Enakku veins irukkura passangala thaan pidikum He Enakkum oru edathula veins irukkum pakkuiya She ரRURULLHI FEME5 @hDg chil,1
451,Akash to Theekshana : Padupaavi Kaila vandha catch vitiyae,1
141,Dharshan Just now When me watching bittu in Twitter (X) Inner me : Anney anney like podama paarunga #dharshanmc,0
82,Dharshan Just now Dad Innu ethana naaliki veetala thanda sooru thinna pora ~Ellam oct 19 vera dhan #dharshanmc DX 9,0
1627,+U/9I உங்க விட்டில் l போடா சொல்லி கொடுக்கலயா my fr _11rப அடுத்தவர் உயிர் கூட விளையாட்கூடாது என சொல்லி கொடுத்து இருக்காங்க,1
1639,செல்லம்,1
37,47 l மMMI MOEY 18 IWURIOUS To THI WORLD 1 சலகசபான் SNEAKPEEK Money/ iniurious tonme world Souer 2029 Sneak Peek eh Apdi Nerupu Mari Irukku,0
1528,ஆனலைன புக்கிங் டெலிவரி,1
995,Cuckoo Cuckoo kattathoaiku Iataamserllla [05 ini cuckoo nu koovuna koda un niyabagam Ihan dhee varum குயில்,1
1,Udhay @Udhaystatin Thalabathy @actorvijay Anna s #Leo @Dir_ Lokesh excellent filmmaking,0
1655,நாளை முதல் அனைத்து மகளிரும் சாதாரண கட்டண நகரப்பேருந்துகளில் கட்டணமின்றி பயணிக்கலாம் shrurhi memes official இதுதான் சான்ஸ்னு ஆத்தா வீட்டுக்கு அடிக்கடி பைய்ய தூக்கிட்டு போன,1
856,காஞ்சனா 3  அரண்மனை 3 மேட்ச்சு ட்ரா . நீங்க ரெண்டுபேரும் சேந்து காஞ்சமனை 4 ு ணண எடுத்து இந்த Franchise = ரு எண்ட்கார்டு போடக்கூடாது ..!? 100 லாரனஸ சுந்தர் (* க்கு ஏன்,1
936,Yarachum Ithu varaikum #Achumma oda oru video kuta pakkama irrukingla ZIDS CUS mt பார இந்தியன் ஓவ மாவட்டஅளவில் 2009 ம் ஆண்டில் திரு எண்ணு Naa Irruken . mt Me*,0
1002,Unga Boyfriend / Girlfriend partner ah Entha Lovers Ku epdi impress pantrathu nu therilaya Appo Entha Video Ungalukkutha! mc mt arithabenge #NEINGA #NAANU Full Video Link in Mv BIO Day,0
571,Mc Muriel Just now Murpoks trying to normalise everything st schlpclg Ia aai poratha normalise pannunga da #mc_muriel (l`,1
403,Muthu Kutti Just now Dinner endzzz with kalaki #muthumc +8*~ ^11^5-7 feel complete,0
563,Nama veetu address anupumaaru thaalmaiudan ketu kolgiren Thanks Muthukkumaar R  12:134| Hi Muthukumar Your request has been declined due to soothu koluppu Kindly verify once and resubmit it Regards Johnton 12:16 11 Hi johnton received the address from akash can ப please send the colony or road name and sry for that soothu kolupu and i request you to send this ASAP Regards Muthukkumaar R 12:18 M / &1 mt *WhatsApp m MUTHU MG .inga paaru da thambi ya [4E = 1[V5! Hey.,0
275,Dood 1 Bro shift allowance podala Dood 2 Aama enakum podala unaku vandhucha Me Ennaku innu salary credit aavala irunga da vishal_sammy _ hey hey,0
1117,After Breakup: Exஉன் வாழ்க்கைல ன்னொரு அம்மாவா நான் வரலாமா? He: இருக்குற அம்மா போதும் நீ கௌம்பு .,1
1033,நம்ப சொல்லேனா ஓடி போய் கல்யாணம் பண்ணிக்கலாம் சொன்னியே பேபி ?? அது fake சாரே Blazzy Rajesh ஓகே  oveக்கு,1
658,7_6=13$^00 விமர்சனம் அர்யவன் பெண்கள் கட்டாயம் பாருங்க Bayilvan ehy Nala Irukunu Solidara. adi adi,1
722,@annathe mc Intha santhosathayada BAN pannuganu sonnega,1
424,Me after discussing PS with book readers Ivar ennaga muligitu neraya mathi mathi eduthrukaru vishal_sammy_ I Mani pathi,0
1580,படத்துல வர பன்னிக்குட்டிய பத்தி கூட பேசுராங்க Maamanan படத்துல நான்தான் heroine ஒருத்தநாச்சும் என்ன பத்தி பேசுரானா 0! பாரு,1
333,Muthu Kutti Just now Antha thappa mattum panida maaten da. #muthumc Venada Muthu single ah iru atha nallathu Luv la venada Purinjuko SIUDIos,0
1761,தண்ணிய சிக்கனமா பயன்படுத்தினா அது #பெண்கள்.... Looosu தண்ணிய சிக்கனோட பயன்படுத்தினா அது #ஆண்கள்,1
1554,கணவன் ஏன்டி இங்க ஒருத்தன் நாயா கத்திகிட்டு இருக்கேன்,1
38,Watch Hansikas Love Shaadi on Disney+ Hotstar mu En Haniska kaagave paape nu solu da,0
877,டேய் என்னடா பன்றத பத்தி பேசிட்டு இருக்க தாலிபான்தான நீயி. இல்லங்க நான் விளையாடுறங்க.. சூட் Pubg,1
232,Madras On Music Event (July 29 & 3oth) W' Intha Mathri oomho l oruMusio Evont Wadakurathu Blem Rare Ghettiyar Book Your Tickets: Also cvoilcble on: wwwocicovensscom Adityorom Poloce City ECR Chenndi bookinyshow Tnsider,0
1130,He ~ உனக்கு Tea போட தெரியுமா டி She  Capital T an illa small t an He ^ Rignt uh vidu inime etha keta serupala adi mc He,1
18,0 0 F ^ R Z 4 mt vishal_sammy_ ~:: பAL Google 07 Play Semmaseries ahiukeh,0
675,Dharshan Just now,0
258,Muthu Kutti Just now Ella ticket aum rasigar mandram ae vangita FDFS ku naa enga d pove #muthumc,0
1589,^ she marrying a toxic guy * Her wtsp status இப்போ அவன் என்னய அடிச்சிட்டு போறான் திரும்பி வந்து கொஞ்சுவான் . அதுக்கு ங்க ருக்கணும் After an hour She : நான்,0
1100,புருசனை அடிக்காத பொண்டாட்டிகளுக்குமட்டுமே ரூளமOOமகளிர்உதவி தொகைனுசொல்லலாம்  ஐடியா இல்லாதபசங்கல OhtloBub,1
393,Naa kooda nee vitruva than pa ninachen _vishal_ sammy_ mt Theekshana,0
322,"Sanjay Krishna Just now ""Wtc final 2023 India 8/2 : Kohli comes marching into the middle Hits century"" edits exist. order batsmen Engala yendaa chumma chumma 4 overs laye out aaki udra aanalum kohli ku edit podnum ngra orey kaaranathukkaga ne panrathellam too much da. Top",0
608,"Dei enna da kannellam red ah irukku thoongalaya night uh He I'm Batman டேய் மீசைலாம் பிச்சுக்கும் மூடிட்டு உட்கார்றா கண்டகருமத்த நெனச்சு தூங்காம ருந்துட்டு Batman nu சுத்திட்டு 1[1 . L[VE~ அடிச்சா ருக்க ""[1",1
421,muthu mc @muthu kutti Unnala enna refer panna mudiuma keeta MNC Ia software engineer ah irukura ndra Amuthumc -5/5! 7:45 PM 29,0
1066,Duty வீட்டுக்கு போனா . wife சீரியல் பார்த்துட்டு இருந்தா . புருஷன் வந்தது கூட தெரியாமல் அப்படி என்ன ன்னுதான்டா கேட்டேன் என்ன டென்ஷன்ல இருந்தாளோ எனக்குவச்சிருந்த சாப்பாட்டை நாய்க்கு கொண்டு போய் போட்டுட்டா எனக்கு வந்துது பார் கோபம் அப்பறம் ஏட்டையா . அப்பறம் என்ன. நானும் நாயும் share பண்ணி சாப்பிட்டோம் முடிச்சி டிவி,1
1773,காலையில வச்சேன் மாமியார் தான் இன்னைக்கு வெள்ளி கிழமை சாம்பார் வையின்னு சொன்னார் அப்புறம் என்னடி செஞ்ச அதுல கத்தரிக்காய வெட்டி போட்டேன் சாம்பார் ரெடி ஆகிருச்சு ரசம்,1
959,முதல் வாட்டியா. பயமா ருக்கா. எது பயமா எங்க ஊரு கவர்மெண்ட் பஸ்ல போயிருக்கியா . மண்ட பத்ரம் தம்பி,1
1651,vijay 1v lifle princess dod ivan vera mahabaratham porfalum poffan. ellaom ponnungolum arjunon mela pathiyam irukanga. ivana mathiri +han furure husbond veanum nu sollira enga nelama laam enna ya,1
377,"En da thirumba thirumba ""un alumba paathavan nu kathikite irukka Ellaam veri etha dhaan = LFV[-",1
1139,Her Bio  2K Girl வெறும் ரெண்டாயிரம் தானா பI~,0
688,Dharshan Just now Design mattum ready panni kudunga podhum ~Ena solreenga onnum purila Puriya vendiyavangaluzku puriyum #dharshanmc 4 dharshan ^ Drawing teacher LEVEL WEME$ = = LEVEL,0
1391,DEI.. ENNANU THERLA. NETHU UN POOLU PICANUPUNALA. ATHA PAATHATHULA. Illi IRUNTHEORE VERIYAIRUKUTHU DA. ATHA ENKOOTHILATHINICHA EPDIIRUKUHNUPAAKA AASAYAIRUKU. PODAVAYA THOOKAVADAR?,1
1538,உங்களுக்கு ஒரு துன்பம் வரும் நண்பர்களும் சொந்தமும் உங்க கூட கண்டிப்பா இருப்பாங்க.. ஔuhw anmes நம்பிக்கை இல்லை னா உங்க கல்யாணம் ஆல்பத்தை பாருங்க ! போது,1
1230,"வாட்ஸ் அப் இல்லாத காலத்துல வாசல் படில உட்கார்ந்து 0ட55 மீ் ஸு 9 தஞ்சை பாலோ பொம்பளைங்க இப்படித்தான் ""குரூப் சாட்டிங்"" பண்ணிட்டு இருந்தாங்க 43500",0
784,ரு குழந்தைன்னாதா உங்க வீட்ல விடவா எங்க வீட்ல விடவான்னு சண்டை வரும் So ரெண்டு பேபிஉன் வீட்ல ஒன்னு என் வீட்ல ஒன்னு விட்டுட்டு . நாம ஜாலியா டூர் போவோம் #sethu ஓகே,1
224,Muthu Kutti Im *No body* Food bloggers with மாலடம் டம் மஞ்சரடம் டம் song Parota kum மாலடம் டம் song kum enna da samantham Hmuthumc [9 NUTHU MG dly,0
69,hari Harkara Romantic thriller critically acclaimed Rendum veragenreana worth to watch Dirty,0
1462,"Relative : அப்பறம் உங்க பொண்ணு சமையல் வேலை எல்லாம் பழகிட்டாலா Her mom : சமச்சு வச்சா கொட்டிக்குவா. ஒன்னுத்துக்கும் லாய்கிஇல்ல அசிங்கபட்டுடே இருக்கியேடி பாய "" +11""""",1
1158,Lovie online Today Neri Hi di pondatti 12:03 PI/ Forwarded Hi da purusha 12:03 PM *He,0
1446,சென்னையில் 40 கிஃமீ.;வேகத்திற்கு மேல் வாகனத்தை ஓட்டினால் அபராதம் .. Custouer to swiggg zoMato deliverg gUgs . .. Blazzy Rajesh,1
1373,என்ன அக்கா இவ்வளோ சின்னதா வச்சிருக்கான் இவன் எப்படி அக்கா நம்ம மூனு பேரையும் பண்ணுவான் தங்கச்சி2 அக்கா தங்கச்சி அடி இப்ப சுருங்கி போய் கிடக்குடி நீ வாய் வச்சி சப்பி பாரு எவ்ளோ பெருசா விரைக்கும்னு தமிழ்சேெகஸ்ட்ே லூசே,1
1349,UIKEMAPLI EPPUDI PATHALUM 2 KA! PATHATHU SIR PIDIKA ;,1
249,"Maveeran Ia semma comeback Yaruku SK ah? Illa VJS voice ku WW vishal_sammy_ mc எ_ 5170"" Coogle Play mt",0
1019,After break up ex be like தங்களுடன் 100 நாள் இருப்பதற்கு 100 வருடம் இருப்பேன் என்று தவறுதலாய் கூறி விட்டேன் என்னை மன்னித்து விடுங்கள் ஆமேன் LWLMO நான்,1
1024,When Mom is Not in Home Little Princess* ன்னைக்கு அம்மா வேற வீட்டுல இல்ல. 11511-7 0 நம்மளே சமையல் பண்ணி அந்த சமையலுக்கு ஒரு பேர வச்சிர வேண்டியதுதான்,0
1770,Jailer Movie Jackie Shroff சொன்ன வேலைய முடிச்சு குடுத்தா ஜயிலுகுள்ள சுருட்டு பீடி பொடி வாங்கி தருவாரு மேடம் . ரொம்ப நல்ல Jailer கோவம் வந்தா மட்டும் காத அறுப் பாரு,1
1262,1171- dailyhunt Google Play விளம்பரங்களில் வரும் அம்மா மட்டும்தான் முத்தமிட்டு தலைகோதி குழந்தைக்கு ஹார்லிக்ஸ் தருவாங்க போல யாரோ பக்கத்து வீட்லலாம் சனியனே! தை சீக்கிரம் குடிச்சுதொலையேன்ற சவுண்டு தான் வருது .,1
564,Muthu Kutti m Inaikaavathu night seekaro thunganum *Suddenly power #muthumc cut* ஸo,0
31,Muthu Kutti Just now 2 naal ah orae fever da macha Thalra thalra motha Hmuthumc $0 5n $0,0
1239,என்ன டிசைன் பா இது #ம Maklimable ப9  சும்மாவே நாய் செருப்பா தூக்கிட்டு ஓடும் துல டிசைன் பண்ண சொல்லவே வேனா ப்படி,1
1659,நாளை [ம 8) அனைத்து சாதாரண நகரப் பேருந்துகளிலும் பயணம் செய்ய மகளிருக்கு இலவசம் முதல்வர் மகஸ்பாலின் முதல் கைபழுத்து mind voice @& Qvadoo memes pokkolom ayya Thorai ayva Ihorai irhu suya nala boomi ayva +horai முதல்  *boY,0
919,JOB INTERVIEW which Batch? Follow Crush _ memes corona Batch OkaysGO. StayHome Stay safe,0
1503,ஊசி வேணாம் கும்டிய காட்டு Ssy டாக்டர் வலிக்காமா ஊசி போடுங்க தம்பி,1
1502,Sa தோள உறிச்சுடுவ ஒழுங்கா வீட்டுக்கு அம்மா ஐஸ்கிரீம் வா வாங்கி தாங்க N9,1
240,Enna dhan nan gaaja irundhalum ipo veriyum evatyum kaasu kuduthu ponadhu ila LEVEL dharshan LEVEL MEHES + = = VE^,0
1647,me thana media Ungamarumogoluku vazhka koduka vanthuiukkan ஐம்பம்பDபn MaMIS mytriend Unga pondatiya ponnukettuvanthu irukkom,1
1671,நாளை சாதாரண கடடண் நகரப்பேருந்துகளில் மகளிர் இலவசமாக பயணிக்கலாம் முதலமைச்சர் மு கஸ்டாலின் TIN ~] தமிழ்நாட்டுல ஓடுற முக்கால்வாதி பேருந்துகள் டீலக்ஸ் பஸ் தான் இதுல இந்த ஓட்டை உடைசல் சாதாரண பஸ் வர்ற வரைக்கும் காத்து கிடக்கனுமா?? முதல்,0
236,Reality Nanban Movie maari college life uhm illa adhuku aprm nammala thedi vara friends uhm illa,0
1222,கலையரசி Helo paibu iufo பொண்ணயும் கொடுத்து வண்டியும் வாங்கிகொடுத்து கொஞ்சம் அட்ஜஸ்ட் பண்ணிக்குங்க மாப்பிளைனு சொல்றதுக்கு அர்த்தம் இதானா?,1
1074,Nan illana sethuduvean nu sonna inum sagama iruka ???? mt SELVh் Nee kuda than sonna nee partha udamba vera oruthan partha poison kudichu sethuduvean nu nee yean sagala? W5,1
1615,"ஒரு பெண்ணின் உள்ளங்கை மென்மையா இருந்தால்..!!! BIOSCOPE மூதேவி,வீட்ல ஒரு வேலையும் பாக்காதுனு அர்த்தம்...",1
1739,மாமியார் உரிமைத்தொகைச100O/- வாங்கப் போகும் போது !! மருமகள் பணத்தை மொத்தமா மருமகளிடம் கொடுத்த உடல . மருமகள் நீங்க எனக்கு இன்னொரு அம்மா! bala,1
588,Me to my friends and cousins ennoda marriage reception la naan dance aada maaten nu solluven aana BInI,0
786,வீட்ல எல்லாரும் ருக்கப்போ saree chudi,1
188,Whenever Im going out My intuition: Ni olunga veedu pootave illa. seekaram pooi paru mt 4 -.ட Piay Me: Avana yarachu solli niruthungalen da.. vandhute irukan da avan LEVE1 NEME$ = = LFVEL,0
348,Sai Raam 1m Girls when see G@nja Kodukkis Kudimagans Pullaingos and those who treat them so badly Ithu en korangu they,1
1012,"That moment uhen B"" Section is going forP MEKOSAM But A"" Section hauing maths class",0
992,பாக்கதா செம CUTEஆ இருக்கா ஆனா இவ அம்மாவை கத்தியால் 152 தடவை குத்தி கொன்னுறுக்கா ^ 4_5# ப 5 அழகிய PSYCHO கொலைகாரி இவளோட FULL STORY LINK IN MY BIO மக்களே,0
1461,"இன்றைய வானிலை நிலவரம் துவைத்து போட்ட சட்டை 5 நிமிடத்தில் காயும் LU Tu 114110"" குளிச்சிட்டு போட்ட சட்டை 2 நிமிடத்தில் நனைந்து விடும்",0
222,Hotel Server. ~சாப்பிடுறதுக்கு முன்னாடி ஒரே Cold இருக்கு Hot Woter கேட்கிற.! ~சாப்பிட அப்புறம் 8 5 Digest ஆகல 88 Pepsi & Coke இருக்கானு கேட்கிற.ஏன்டாஏன். : 004111,0
1669,நாளை முதல் அனைத்து மகளிரும் சாதாரண கட்டண நகரப்பேருந்துகளில் கட்டணமின்றி பயணிக்கலாம் குமரன் படைப்பு ROELPHOTOSCOM mo ஏங்க நாங்களும் தானே உங்களுக்கு ஓட்டு போட்டு முதலமைச்சராகி இருக்கோம் பெண்களுக்கு மட்டும் சலுகை கொடுக்குறீங்க அதே மாதிரி ஆண்களுக்கும் ஒரு குவாட்டருக்கு 50 ரூபாய் விலை குறைச்சா நல்லா இருக்கும்,1
356,5 Csk bowlers vishal sammy _ Indha score defend panna pathadhey,0
1643,*myfriend Ambala sokku ketkutha ambala sokku மRURUDAHA Wg:B Ladies na discipline vennum,1
243,Muthu Kutti Just now Ella ticket aum rasigar mandram ae vangita FDFS ku naa enga d pove #muthumc,0
210,After watching LGM movie Amma Me Semma movie la maa,0
1329,enna mamiyaru ipdi paathutu poraa night mamanar kuda thiruttu thanama panatha paathutaala marumagal,1
1603,Happiness தேடி போனாலும் வராத நீ ஒரு பரதேசி Problems Dஓடி போனாலும் பின்னாடியே துரத்தி வர நீ ஒரு பன்னாடை,0
207,Sanjay Krishna 5 hours ago Saga Anils Actually Danzel Washington evlo periya actor theriyuma??!! diacom,0
1154,S00O0G SCV^LG^1 ELLAME PERFECT A IRUNDHA ENAPA PANRADHU,1
822,th student Morried fo his miss osingleS இந்தாங்க frienu இந்த poisonah குடிச்சிட்டு செத்து போய்டுங்க,1
1475,AK paaren edhunga ellam yethuku thuppata poduromne tneriyama potunu suthudnunga,1
182,attendance potu thungungha sir LFVE1 MUTHU MC poi ஈ+106! .04,0
412,~nyt la thukkamae vara matainguthu da HUTHU HC,0
1559,மலர்களை போல் தங்கை உறங்குகிறாள்ம dat bro மலர்களை போல் எங்கம்மா தூங்குராங்க ! ஒரு குண்பா நிறயா சொறுதிண்னுடடு எறும மாடு மாதிரிலமா தூங்குராங்க!,1
162,Dharshan Just now Them Enga ooruku vandha solu nan pathukuren Also them when / visited their ooru: #dharshanmc mc It,0
821,Nobody Beggars In Bus Stop IllIWIIT SapttuasnauNaaaSaasaam Saarn 090@ TIMIL +MI73 டேய் NATIONAL CRUSH பா அவ,0
293,literal TV serials Hero and Heroine both didnt have interest in the marriage and the heroine becomes pregnant in a month,0
1000,After watching This பேய் பொம்மை உண்மை சம்பவம் னி உங்கள பார்த்தாலே பயமா ருக்குமே me little princess Karaikudiilavarasi,1
820,When 1 tries to X sleep mt Onnu varavae varathu Onnu vanthutae erukum Me mt study Padipu PrRoc^^`,1
489,Bhavanisreas Tamizh arasiin Viduthalai 08 = 1 Viduthalai movie la performance verithanam 190,0
687,Dp+ Hansikas Love Shaadi Drama horsior Whenyourffiend Goestocanteenwithoutyou,0
874,"10 பதர் ONE TEN தமிழில் நூஜு ஈபரம 50' 10930 பதயாற தெரிய .ocoo III ITHOUSAND Cai ]000020 HUNDRED THoUBAIID மuமு 9952 OHETIILLION 40000900 கோடி TENUILLIOII 190900900 ஒற்புதம் HUIDREDIIILLIUN sounopuono -E பGD QIEBILLION ]0000000000 அறபம் TEVBLLIDN 1""55000po0 அச1 NUBREDBIIION 100000000|0000 ONE TRILLION 10000090000000 நனற்பம் TEV TRILLION ]00000000000000 ப்மற் HUNDREDTRIILION ONE ZILLION tooooooooooooooo TENZILLION tooooooooooooooao Lu0N எ0ooooooapoooooono அர்த்தம் ABCD பாமிள்ப Yleules EiIeSe பார்த்தாயா எஙி்கள் தமிழின் சிறப்பை @ல0ம -0e தோடி HUNDREU 1000 THDUSAND இலடசர் பந்து சாபம் சங்கம் வல்லம் IIUINDRED அன்னிாயம் எUOCOUOIUOOUUDOO பரார்த்தம் -009000000090000000 பூியம் Qucudopooooooddooooo முக்கோடி 00900000000000000000 மகாயகம் 0000000",1
1702,அனைத்து Pake I க்களுக்கும் மகளிர் தின வாழ்த்துக்கள் நல்,1
824,"பெண்களிடம் கடைளை போடுவான் பகலில் ""l Am Singlenu post போடுவான் அவன் யார் ???? 1 ~விடிய விடிய",1
1053,குடும்பத்தில் கணவன் தலை என்றால் மனைவி கழுத்து . தலை எங்கு திரும்ப வேண்டும் என்று கழத்து மசை வச்சா தான் முடியும்.,1
1767,ஒரு நாளைக்கு 8 =ம்ள தணண குடிச்சா தான் AARSHAN ABDUL உடல் ரோக்கியமா இருக்குமீ இந்த உ லகத்துல் தண்ணீர விட பெரிய மருந்து எதுவுமே ல்ல. நம்ம,1
1099,கடவுள. நான் புருசன் சாப்பிட்ட சாப்பிடுற மனைவி வேணும்னு கேட்க்கலை ?? புருசன் சாப்பிடுற சமைக்கிற மனைவி இருந்தா போதும் கடவளே.!! பிறகு மாதிரி,1
1326,Neenga solli than enaku theriyanuma enna ? homely wife unga manager ah epdi paathukanum nu enaku theriyaatha;Neenga velaiku late ah vanga naa seekirama mudikama nalla iluthu pudichu pandran poitu,1
1556,60| ளவதெல்லாம் உயர்வுள் அரண்ராசா பாமர SK girlis fans UC PRIYAs அந்த இடத்தில இருந்து இருந்த uட ஐயோ! எப்படி இருந்து இருக்கும்! நான்,1
950,~followers WS 2 minutes la 6OO Rupees earn panna solli tharaanga Others mentor guru Iட adhu endha page nu sollungadaa,0
134,Boss Friday leave venum boss Boss Enna da ellaru Friday leave ketutu irukinga,1
1091,*She பசங்கள விட பொண்ணுங்க நாங்க தான் உண்மையா லவ் பண்றோம் இத்துடன்விளையாட்டுச் செய்திகள் முடிவடைகிறது eechuman :,1
400,"Apply panran .. Interview attend panran. reject aavuran .. repeat uhh & "" dharshan Apply panran . Interview poi attend panran reject aavuran.. repeat uhh poi LEVEL MEMES  = VE;^ LEVEL",0
1537,எனக்கு நீங்க தீபாவளிக்கு நெக்லஸ்வாங்கித்தர்ற மாதிரி கனவு கன்டேன்! IUCOmIAIWLIIL பIcou அடடா என்ன பொருத்தம் பாரு! எனக்கும் அதே கனவு வந்தது! ஆனா அதுக்கு பில்' தொகையை உங்க அப்பா குடுக்கிற மாதிரி கனவுல வந்தது .,1
1754,5 முறந்துப்போஎன் மனமே ) FAIA HC மீ 60I பெட மயிருக்குலாம் மறக்க முடியாது,0
592,Muthu Kutti Just now ~when some one say Itha en da ivalo kaasu kuduthu vanguna worth ae illa da Enga area la ithu cheap ah kidaikum da #muthumc,0
872,mc Ayyayo ivana SLYUE RNO] Naama apadiye kandukadha mariye poiruvom,1
256,Enna da ellar kitayum flirt panraa He Avalai marakka dhaan LEVEL MEME$ = = = L[VEL,0
441,ithuvaraikum un munnala una choker nu kupthalum. im Rahman mo pinnala unna nu than solliruken. nan ennaikume unna ethiryq nenaichathu illa ney. * '$ ஐKboi King,1
1775,ஒவ்வொரு வீட்டிலும் அம்மாதான் கூகிள். யாரோ வீட்டில் எந்த பொருள் எங்கு இருக்கிறது என்பதற்கான விடை அம்மாவிற்கே தெரியும் .,1
1594,Love Marriage Oouples FChlm ஏயக இன்னைக்கு நான் சமசை6 சாப்பாடு எப்படி UpSIEMES நல்ல ருக்குன்னு சொன்ன நாளைக்கும் இதே செய்வா!!! ல்லன்னு சொன்ன ஊரையே இரண்ட கிடுவாளே???? =Me நல்ல,1
1274,பேரென்ன ? ஹைய்யோ ஹைய்யோ பேரும் priya பஸ் டிக்கெட்டும் free ya ~்டயபோ Priya. 417,1
434,Muthu Kutti Just now Ivalo pending task vachuta da monday paathukalam ndra mind set Ia iruka #muthumc mnunira Mn,0
1227,காலையில வச்சேன் மாமியார் இன்னைக்கு வெள்ளி கிழமை சாம்பார் வையின்னு சொன்னார் அப்புறம் என்னடி செஞ்ச. அதுல் 4 கத்தரிக்காய வெட்டி போட்டேன் சாம்பார் ரெடி ஆகிருச்சு தான் ரசம்,1
879,~9 Ist in schoollcollege 0 mme newfriend paaka padikira paiyan maari appaviya irikkigala -t MR MORKA MEIIER yaaru naanu day eme,0
602,Muthu Kutti Just now Manager/ TL Raise panna bug la fix panniyachu raise panna vera ethuvum illaya nu kekuranga ya dev dood uh #muthumc bug,0
788,Gokul Rohit sevfgrock Just now Me following Purtasi maasam strictly for first time Insta reels showing Chicken mutton Biryani IURIH PUSH Na venum nu thonudhu la,0
